playerName,position,team,adp,projectedPoints,rank,VOR,auction,pffProjections
Ezekiel Elliott,RB,DAL,3,267.1,1,174,67,267.1
Todd Gurley,RB,LAR,1,265.6,2,173,67,265.6
Le'Veon Bell,RB,PIT,2,262.8,3,170,66,262.8
David Johnson,RB,ARZ,4,237.7,4,145,56,237.7
Alvin Kamara,RB,NO,7,224.6,5,132,51,224.6
Dalvin Cook,RB,MIN,13,224.4,6,132,51,224.4
Leonard Fournette,RB,JAX,12,223.5,7,131,50,223.5
Kareem Hunt,RB,KC,11,219.7,8,127,49,219.7
Saquon Barkley,RB,NYG,16,218.4,9,126,49,218.4
Melvin Gordon III,RB,LAC,9,218.2,10,125,48,218.2
Antonio Brown,WR,PIT,5,212.9,11,118,45,212.9
Devonta Freeman,RB,ATL,22,200.4,12,108,42,200.4
DeAndre Hopkins,WR,HST,8,196.4,13,101,39,196.4
Rob Gronkowski,TE,NE,32,173.8,14,101,39,173.8
Julio Jones,WR,ATL,18,194.1,15,99,38,194.1
Odell Beckham Jr.,WR,NYG,10,189.7,16,94,36,189.7
Joe Mixon,RB,CIN,33,182,17,89,34,182
LeSean McCoy,RB,BUF,25,176.5,18,84,32,176.5
Michael Thomas,WR,NO,17,178.9,19,84,32,178.9
Mike Evans,WR,TB,24,177.3,20,82,32,177.3
Jordan Howard,RB,CHI,31,173.9,21,81,31,173.9
Davante Adams,WR,GB,21,173.8,22,78,30,173.8
A.J. Green,WR,CIN,26,172.8,23,77,30,172.8
Jerick McKinnon,RB,SF,43,170.3,24,77,30,170.3
Derrick Henry,RB,TEN,38,169,25,76,29,169
Rashaad Penny,RB,SEA,73,168.9,26,76,29,168.9
T.Y. Hilton,WR,IND,39,170,27,75,29,170
Jay Ajayi,RB,PHI,103,165.5,28,73,28,165.5
Derrius Guice,RB,WAS,56,165.1,29,72,28,165.1
Alex Collins,RB,BLT,77,160.7,30,68,26,160.7
Keenan Allen,WR,LAC,19,161.4,31,66,26,161.4
Travis Kelce,TE,KC,42,138.9,32,66,26,138.9
Sony Michel,RB,NE,70,158.7,33,66,26,158.7
Royce Freeman,RB,DEN,100,158.1,34,65,25,158.1
Marshawn Lynch,RB,OAK,146,155.6,35,63,24,155.6
Christian McCaffrey,RB,CAR,29,155.3,36,62,24,155.3
Adam Thielen,WR,MIN,44,157.5,37,62,24,157.5
Zach Ertz,TE,PHI,49,132.9,38,60,23,132.9
Doug Baldwin,WR,SEA,58,154.9,39,60,23,154.9
Kenyan Drake,RB,MIA,51,152.3,40,59,23,152.3
Alshon Jeffery,WR,PHI,75,153.4,41,58,23,153.4
Allen Robinson II,WR,CHI,47,151.6,42,56,22,151.6
Ronald Jones,RB,TB,87,146.1,43,53,21,146.1
Tyreek Hill,WR,KC,35,147.4,44,52,20,147.4
Josh Gordon,WR,CLV,45,147.4,45,52,20,147.4
Lamar Miller,RB,HST,64,144.7,46,52,20,144.7
Mark Ingram II,RB,NO,67,143.3,47,50,20,143.3
Aaron Rodgers,QB,GB,6,320.3,48,48,19,320.3
Stefon Diggs,WR,MIN,34,142,49,47,18,142
Amari Cooper,WR,OAK,54,139.7,50,44,17,139.7
Tom Brady,QB,NE,23,315.6,51,43,17,315.6
JuJu Smith-Schuster,WR,PIT,50,138.6,52,43,17,138.6
Delanie Walker,TE,TEN,88,116.1,53,43,17,116.1
Marvin Jones Jr.,WR,DET,76,136.9,54,42,16,136.9
Cam Newton,QB,CAR,30,312.6,55,40,16,312.6
Tevin Coleman,RB,ATL,96,133.1,56,40,16,133.1
Brandin Cooks,WR,LAR,52,135.5,57,40,16,135.5
Isaiah Crowell,RB,NYJ,117,131.3,58,38,15,131.3
Russell Wilson,QB,SEA,15,310,59,38,15,310
Demaryius Thomas,WR,DEN,68,132.3,60,37,14,132.3
Greg Olsen,TE,CAR,82,108,61,35,14,108
Golden Tate,WR,DET,71,129.9,62,35,13,129.9
Dion Lewis,RB,TEN,92,126,63,33,13,126
Marlon Mack,RB,IND,78,125.7,64,33,13,125.7
Emmanuel Sanders,WR,DEN,97,124.3,65,29,11,124.3
Larry Fitzgerald,WR,ARZ,57,124.2,66,29,11,124.2
Evan Engram,TE,NYG,60,100.9,67,28,11,100.9
Corey Davis,WR,TEN,80,123.2,68,28,11,123.2
Kyle Rudolph,TE,MIN,84,100.5,69,27,11,100.5
Pierre Garcon,WR,SF,95,121.7,70,26,10,121.7
Chris Thompson,RB,WAS,156,118.9,71,26,10,118.9
Carson Wentz,QB,PHI,20,297.7,72,25,10,297.7
Jamaal Williams,RB,GB,137,117.7,73,25,10,117.7
Chris Hogan,WR,NE,105,119.4,74,24,9,119.4
Jimmy Graham,TE,GB,63,96.8,75,24,9,96.8
Randall Cobb,WR,GB,106,117.1,76,22,9,117.1
Sammy Watkins,WR,KC,74,116.2,77,21,8,116.2
DeVante Parker,WR,MIA,119,115.7,78,20,8,115.7
Devin Funchess,WR,CAR,90,115.6,79,20,8,115.6
Robby Anderson,WR,NYJ,110,115.6,80,20,8,115.6
C.J. Anderson,RB,CAR,144,113,81,20,8,113
DeSean Jackson,WR,TB,202,114.6,82,19,8,114.6
Kenny Stills,WR,MIA,199,113.8,83,18,7,113.8
Nick Chubb,RB,CLV,89,110.3,84,17,7,110.3
Rishard Matthews,WR,TEN,185,112.6,85,17,7,112.6
Tyler Eifert,TE,CIN,176,90,86,17,7,90
Michael Crabtree,WR,BLT,86,112.1,87,17,7,112.1
Duke Johnson Jr.,RB,CLV,124,109.6,88,17,7,109.6
Aaron Jones,RB,GB,109,108.9,89,16,6,108.9
Kirk Cousins,QB,MIN,36,288.2,90,16,6,288.2
Deshaun Watson,QB,HST,14,287.1,91,15,6,287.1
Robert Woods,WR,LAR,83,109.7,92,14,6,109.7
Cooper Kupp,WR,LAR,104,109.6,93,14,6,109.6
Trey Burton,TE,CHI,111,86.9,94,14,6,86.9
Ben Roethlisberger,QB,PIT,46,285.8,95,13,5,285.8
Jordan Reed,TE,WAS,93,85.9,96,13,5,85.9
Jarvis Landry,WR,CLV,61,108.1,97,13,5,108.1
Sterling Shepard,WR,NYG,143,108.1,98,13,5,108.1
Marquise Goodwin,WR,SF,101,107.4,99,12,5,107.4
Kerryon Johnson,RB,DET,114,104.7,100,12,5,104.7
Matthew Stafford,QB,DET,40,283.4,101,11,4,283.4
Jack Doyle,TE,IND,138,83.7,102,11,4,83.7
Kelvin Benjamin,WR,BUF,125,106,103,11,4,106
Andrew Luck,QB,IND,48,282.7,104,10,4,282.7
Will Fuller V,WR,HST,91,103.9,105,9,3,103.9
Jamison Crowder,WR,WAS,132,103.5,106,8,3,103.5
Cameron Brate,TE,TB,212,80.8,107,8,3,80.8
Marqise Lee,WR,JAX,151,102.2,108,7,3,102.2
Philip Rivers,QB,LAC,55,278.8,109,6,3,278.8
Charles Clay,TE,BUF,200,79.1,110,6,3,79.1
Allen Hurns,WR,DAL,145,101.2,111,6,2,101.2
Devontae Booker,RB,DEN,164,98.4,112,6,2,98.4
David Njoku,TE,CLV,150,78.5,113,5,2,78.5
Jared Cook,TE,OAK,200,77.6,114,5,2,77.6
Drew Brees,QB,NO,27,275,115,3,1,275
Austin Seferian-Jenkins,TE,JAX,158,74.7,116,2,1,74.7
Kenneth Dixon,RB,BLT,174,94.2,117,1,1,94.2
Julian Edelman,WR,NE,65,96.3,118,1,1,96.3
Giovani Bernard,RB,CIN,194,93.5,119,1,0,93.5
Alex Smith,QB,WAS,62,272.9,120,1,0,272.9
Patrick Mahomes,QB,KC,200,272.9,121,1,0,272.9
Nelson Agholor,WR,PHI,129,95.9,122,1,0,95.9
Rex Burkhead,RB,NE,121,93.3,123,0,0,93.3
Jimmy Garoppolo,QB,SF,28,272.6,124,0,0,272.6
Tyler Lockett,WR,SEA,189,95.5,125,0,0,95.5
Josh Doctson,WR,WAS,115,95,126,0,0,95
Matt Ryan,QB,ATL,53,271.9,127,0,0,271.9
Donte Moncrief,WR,JAX,200,94.9,128,0,0,94.9
Bilal Powell,RB,NYJ,171,92.4,129,0,0,92.4
George Kittle,TE,SF,159,72.6,130,0,0,72.6
Marcus Mariota,QB,TEN,59,271.8,131,0,0,271.8
Jordy Nelson,WR,OAK,161,93.9,132,-1,0,93.9
Mohamed Sanu,WR,ATL,200,93.6,133,-1,0,93.6
Ted Ginn Jr.,WR,NO,222,92.2,134,-2,0,92.2
Austin Hooper,TE,ATL,200,69.4,135,-3,0,69.4
Travis Benjamin,WR,LAC,200,91.7,136,-3,0,91.7
John Brown,WR,BLT,200,91,137,-3,0,91
D.J. Moore,WR,CAR,130,90.2,138,-4,0,90.2
Cameron Meredith,WR,NO,152,90,139,-4,0,90
Kenny Golladay,WR,DET,166,89.9,140,-5,0,89.9
Terrelle Pryor,WR,NYJ,169,89.9,141,-5,0,89.9
Tarik Cohen,RB,CHI,98,87.2,142,-5,0,87.2
Vance McDonald,TE,PIT,188,66.3,143,-6,0,66.3
Eric Ebron,TE,IND,226,65,144,-7,0,65
Chester Rogers,WR,IND,200,87.3,145,-7,0,87.3
Benjamin Watson,TE,NO,218,64.6,146,-8,0,64.6
Dak Prescott,QB,DAL,66,263.6,147,-8,0,263.6
Latavius Murray,RB,MIN,183,84.1,148,-8,0,84.1
Jared Goff,QB,LAR,37,263,149,-8,0,263
Anthony Miller,WR,CHI,173,85.7,150,-9,0,85.7
Terrance Williams,WR,DAL,200,85.6,151,-9,0,85.6
D'Onta Foreman,RB,HST,122,83,152,-9,0,83
Andy Dalton,QB,CIN,148,262.3,153,-9,0,262.3
Mike Williams,WR,LAC,127,85.1,154,-9,0,85.1
Ricky Seals-Jones,TE,ARZ,200,62.4,155,-10,0,62.4
James White,RB,NE,191,81.2,156,-11,0,81.2
Blake Bortles,QB,JAX,107,260.3,157,-11,0,260.3
Austin Ekeler,RB,LAC,200,80.6,158,-11,0,80.6
Albert Wilson,WR,MIA,200,82.9,159,-12,0,82.9
Virgil Green,TE,LAC,200,60.3,160,-12,0,60.3
Brandon LaFell,WR,CIN,200,82.6,161,-12,0,82.6
Mitchell Trubisky,QB,CHI,81,259.2,162,-12,0,259.2
Theo Riddick,RB,DET,200,79.7,163,-12,0,79.7
Jordan Matthews,WR,NE,200,82.1,164,-12,0,82.1
O.J. Howard,TE,TB,160,59.2,165,-13,0,59.2
Martavis Bryant,WR,OAK,134,80.8,166,-14,0,80.8
Calvin Ridley,WR,ATL,135,80.7,167,-14,0,80.7
Frank Gore,RB,MIA,180,77.4,168,-15,0,77.4
Zay Jones,WR,BUF,200,79.7,169,-15,0,79.7
Jake Butt,TE,DEN,200,57,170,-15,0,57
Jermaine Kearse,WR,NYJ,200,79.3,171,-15,0,79.3
Mike Gesicki,TE,MIA,140,56.2,172,-16,0,56.2
Mike Wallace,WR,PHI,200,77.7,173,-17,0,77.7
Mark Andrews,TE,BLT,200,54.7,174,-17,0,54.7
Geronimo Allison,WR,GB,225,76.9,175,-18,0,76.9
Michael Gallup,WR,DAL,153,76.7,176,-18,0,76.7
Gerald Everett,TE,LAR,200,54.2,177,-18,0,54.2
Nick Vannett,TE,SEA,200,54,178,-18,0,54
Carlos Hyde,RB,CLV,79,73.8,179,-18,0,73.8
Christian Kirk,WR,ARZ,207,75.9,180,-19,0,75.9
Blake Jarwin,TE,DAL,200,53.3,181,-19,0,53.3
Paul Richardson Jr.,WR,WAS,209,75,182,-19,0,75
Ryan Griffin,TE,HST,200,51.6,183,-20,0,51.6
LeGarrette Blount,RB,DET,128,71.1,184,-21,0,71.1
Ryan Tannehill,QB,MIA,123,250.2,185,-21,0,250.2
Ed Dickson,TE,SEA,200,50.9,186,-21,0,50.9
Michael Roberts,TE,DET,200,50.6,187,-21,0,50.6
Matt Breida,RB,SF,213,69.8,188,-22,0,69.8
J.J. Nelson,WR,ARZ,200,72,189,-22,0,72
Derek Carr,QB,OAK,69,248.4,190,-23,0,248.4
Case Keenum,QB,DEN,85,246.9,191,-24,0,246.9
Garrett Celek,TE,SF,200,45.8,192,-26,0,45.8
Eli Manning,QB,NYG,102,245,193,-26,0,245
Tyrell Williams,WR,LAC,200,67.7,194,-27,0,67.7
Jordan Wilkins,RB,IND,200,65.1,195,-27,0,65.1
Keelan Cole,WR,JAX,200,67.5,196,-27,0,67.5
Darren Sproles,RB,PHI,200,64.2,197,-28,0,64.2
Hayden Hurst,TE,BLT,205,43.7,198,-28,0,43.7
Amara Darboh,WR,SEA,200,65.9,199,-29,0,65.9
James Washington,WR,PIT,200,66,200,-29,0,65.7
Spencer Ware,RB,KC,216,63,201,-29,0,63.2
Doug Martin,RB,OAK,139,61,202,-31,0,61.2
Carlos Henderson,WR,DEN,200,64,203,-31,0,63.5
Ty Montgomery,RB,GB,118,61,204,-31,0,60.6
Trent Taylor,WR,SF,200,63,205,-31,0,63
Luke Willson,TE,DET,200,41,206,-31,0,40.6
Vernon Davis,TE,WAS,200,40,207,-32,0,40.2
Clive Walford,TE,NYJ,200,40,208,-32,0,40.2
Corey Clement,RB,PHI,179,60,209,-32,0,59.9
Dallas Goedert,TE,PHI,200,40,210,-32,0,39.8
Chris Godwin,WR,TB,200,62,211,-33,0,61.9
Quincy Enunwa,WR,NYJ,200,61,212,-34,0,60.7
Danny Amendola,WR,MIA,186,59,213,-35,0,59.2
Willie Snead IV,WR,BLT,200,59,214,-36,0,58.5
Nyheim Hines,RB,IND,178,56,215,-36,0,55.9
T.J. Yeldon,RB,JAX,165,56,216,-36,0,55.8
Peyton Barber,RB,TB,200,55,217,-37,0,54.7
Taylor Gabriel,WR,CHI,200,57,218,-38,0,56.9
Adam Shaheen,TE,CHI,200,34,219,-38,0,33.7
John Ross,WR,CIN,200,56,220,-39,0,55.8
DeAndre Washington,RB,OAK,200,53,221,-39,0,53.3
Chris Carson,RB,SEA,217,53,222,-39,0,53.1
Taywan Taylor,WR,TEN,200,55,223,-39,0,55.2
Nick O'Leary,TE,BUF,200,33,224,-39,0,32.8
Tyler Higbee,TE,LAR,200,33,225,-40,0,32.5
Chris Herndon,TE,NYJ,200,32,226,-40,0,32.3
Chris Ivory,RB,BUF,200,52,227,-40,0,52.1
Tyler Kroft,TE,CIN,200,32,228,-40,0,31.9
James Conner,RB,PIT,200,52,229,-40,0,51.7
Javorius Allen,RB,BLT,200,52,230,-40,0,51.7
Jordan Akins,TE,HST,200,32,231,-40,0,31.7
Braedon Bowman,TE,LAC,200,32,232,-40,0,31.6
Jermaine Gresham,TE,ARZ,200,31,233,-41,0,30.7
Niles Paul,TE,JAX,200,30,234,-42,0,29.9
Keke Coutee,WR,HST,200,52,235,-42,0,52.2
Tyrod Taylor,QB,CLV,94,229,236,-43,0,228.8
Ryan Grant,WR,IND,200,52,237,-43,0,51.6
Jonnu Smith,TE,TEN,200,29,238,-43,0,28.7
Jonathan Stewart,RB,NYG,154,48,239,-44,0,47.7
David Morgan,TE,MIN,200,27,240,-45,0,27.4
Jameis Winston,QB,TB,72,226,241,-45,0,226.2
Laquon Treadwell,WR,MIN,200,49,242,-45,0,49.1
Charles Sims,RB,TB,200,46,243,-46,0,46
Cole Beasley,WR,DAL,200,48,244,-46,0,48.1
John Kelly,RB,LAR,200,46,245,-46,0,45.5
Travaris Cadet,RB,BUF,200,45,246,-47,0,45.4
Lance Kendricks,TE,GB,200,26,247,-47,0,25.5
Jeff Heuerman,TE,DEN,200,25,248,-47,0,25.3
Elijah McGuire,RB,NYJ,200,45,249,-47,0,44.7
Roger Lewis,WR,NYG,200,47,250,-47,0,47
Rico Gathers,TE,DAL,200,24,251,-48,0,24.2
C.J. Prosise,RB,SEA,200,44,252,-48,0,44
Chase Edmonds,RB,ARZ,200,44,253,-48,0,43.7
Rod Smith,RB,DAL,200,44,254,-48,0,43.7
Lee Smith,TE,OAK,200,24,255,-48,0,23.8
Kyle Juszczyk,RB,SF,200,43,256,-49,0,43.2
Dwayne Allen,TE,NE,200,22,257,-50,0,22.1
Torrey Smith,WR,CAR,200,44,258,-51,0,43.8
A.J. Derby,TE,MIA,200,21,259,-51,0,21.4
D.J. Chark Jr.,WR,JAX,200,44,260,-51,0,43.6
Seth DeValve,TE,CLV,200,20,261,-52,0,19.9
De'Angelo Henderson,RB,DEN,200,39,262,-53,0,39.4
Eric Tomlinson,TE,NYJ,200,19,263,-53,0,19.4
Stephen Anderson,TE,HST,200,19,264,-53,0,19
Nick Boyle,TE,BLT,200,19,265,-53,0,19
Mike Gillislee,RB,NE,200,39,266,-53,0,38.6
Jaylen Samuels,TE,PIT,200,18,267,-54,0,18.2
Joe Flacco,QB,BLT,155,217,268,-54,0,217.4
Jesse James,TE,PIT,200,18,269,-54,0,18.1
Corey Coleman,WR,CLV,200,40,270,-54,0,40.3
Logan Paulsen,TE,ATL,200,18,271,-54,0,17.8
Andre Holmes,WR,BUF,200,40,272,-54,0,40.1
Reece Fountain,WR,IND,200,39,273,-55,0,39
Kendall Wright,WR,MIN,200,39,274,-55,0,39
Chris Moore,WR,BLT,200,39,275,-56,0,38.6
Ian Thomas,TE,CAR,200,16,276,-56,0,15.9
Levine Toilolo,TE,DET,200,15,277,-57,0,15
Rhett Ellison,TE,NYG,200,15,278,-57,0,14.8
Brice Butler,WR,ARZ,200,37,279,-57,0,37.1
Demetrius Harris,TE,KC,200,15,280,-57,0,14.6
James Hanna,TE,DAL,200,15,281,-58,0,14.5
Boston Scott,RB,NO,200,33,282,-59,0,33.2
Dante Pettis,WR,SF,200,36,283,-59,0,35.6
Sean Culkin,TE,LAC,200,13,284,-59,0,12.9
Will Dissly,TE,SEA,200,12,285,-60,0,11.9
Jalen Richard,RB,OAK,200,32,286,-60,0,31.5
Josh Hill,TE,NO,200,12,287,-61,0,11.5
Tavon Austin,WR,DAL,200,33,288,-61,0,33.4
Malcolm Mitchell,WR,NE,200,33,289,-61,0,33.2
Joe Williams,RB,SF,200,30,290,-62,0,29.6
J'Mon Moore,WR,GB,200,32,291,-62,0,32
Richard Rodgers,TE,PHI,200,10,292,-63,0,9.5
Phillip Supernaw,TE,TEN,200,9,293,-63,0,9.4
Jacob Hollister,TE,NE,200,9,294,-63,0,9.2
Erik Swoope,TE,IND,200,9,295,-63,0,8.7
Corey Grant,RB,JAX,200,28,296,-64,0,28.2
Chris Conley,WR,KC,200,31,297,-64,0,30.5
Temarrick Hemingway,TE,LAR,200,7,298,-65,0,7
Tyler Conklin,TE,MIN,200,7,299,-65,0,6.8
Courtland Sutton,WR,DEN,172,29,300,-66,0,28.8
Derek Carrier,TE,OAK,200,6,301,-66,0,6.4
Wayne Gallman,RB,NYG,200,26,302,-66,0,26.1
James O'Shaughnessy,TE,JAX,200,6,303,-66,0,6.2
Troy Fumagalli,TE,DEN,200,6,304,-66,0,5.9
Eric Saubert,TE,ATL,200,6,305,-66,0,5.8
TJ Jones,WR,DET,200,28,306,-66,0,28
Durham Smythe,TE,MIA,200,6,307,-67,0,5.6
Antony Auclair,TE,TB,200,6,308,-67,0,5.5
Jerell Adams,TE,NYG,200,6,309,-67,0,5.5
Logan Thomas,TE,BUF,200,5,310,-67,0,5.4
Orson Charles,TE,KC,200,5,311,-67,0,5.4
Xavier Grimble,TE,PIT,200,5,312,-67,0,5.4
Chris Manhertz,TE,CAR,200,5,313,-67,0,5.3
Tanner McEvoy,WR,SEA,200,27,314,-67,0,27.4
Dion Sims,TE,CHI,200,5,315,-68,0,4.5
Darren Fells,TE,CLV,200,4,316,-68,0,4.4
Alfred Blue,RB,HST,200,23,317,-69,0,23.3
Jeremy Sprinkle,TE,WAS,200,3,318,-69,0,3.4
C.J. Uzomah,TE,CIN,200,3,319,-69,0,3.3
Dede Westbrook,WR,JAX,168,26,320,-69,0,25.6
Cole Hikutini,TE,SF,200,3,321,-69,0,3.2
Curtis Samuel,WR,CAR,200,24,322,-71,0,23.6
Justin Hunter,WR,PIT,200,23,323,-71,0,23.2
Ryan Switzer,WR,OAK,200,23,324,-72,0,22.9
Cameron Artis-Payne,RB,CAR,200,20,325,-72,0,20
Justin Hardy,WR,ATL,200,22,326,-72,0,22.3
T.J. Logan,RB,ARZ,200,19,327,-73,0,18.6
Kalen Ballage,RB,MIA,195,18,328,-74,0,18.1
Brian Quick,WR,WAS,200,21,329,-74,0,20.5
Deon Cain,WR,IND,200,20,330,-75,0,19.5
Justin Jackson,RB,LAC,200,17,331,-75,0,17
Robert Turbin,RB,IND,200,17,332,-75,0,16.8
Adam Humphries,WR,TB,200,19,333,-75,0,19.1
Tyler Boyd,WR,CIN,200,19,334,-75,0,19
Mark Walton,RB,CIN,200,17,335,-75,0,16.5
Tre'Quan Smith,WR,NO,200,19,336,-76,0,18.8
Jakeem Grant,WR,MIA,200,19,337,-76,0,18.7
DaeSean Hamilton,WR,DEN,200,17,338,-77,0,17.3
Samaje Perine,RB,WAS,200,15,339,-77,0,14.8
Benny Cunningham,RB,CHI,200,15,340,-77,0,14.7
Rod Streater,WR,BUF,200,17,341,-78,0,16.8
Tajae Sharpe,WR,TEN,200,17,342,-78,0,16.7
Ito Smith,RB,ATL,200,14,343,-78,0,14.2
Jaron Brown,WR,SEA,200,17,344,-78,0,16.6
Trenton Cannon,RB,NYJ,200,14,345,-78,0,13.8
Josh Reynolds,WR,LAR,200,16,346,-78,0,16
Bruce Ellington,WR,HST,200,15,347,-79,0,15.4
Chad Williams,WR,ARZ,200,15,348,-79,0,15.4
Kevin White,WR,CHI,200,15,349,-79,0,15.1
Demarcus Robinson,WR,KC,200,15,350,-79,0,15
Malcolm Brown,RB,LAR,200,12,351,-80,0,12.3
Marquez Valdes-Scantling,WR,GB,200,13,352,-82,0,12.8
Mack Hollins,WR,PHI,200,13,353,-82,0,12.5
Jacquizz Rodgers,RB,TB,200,10,354,-82,0,9.8
Geremy Davis,WR,LAC,200,12,355,-82,0,12.1
Andy Janovich,RB,DEN,200,10,356,-82,0,9.6
Cody Latimer,WR,NYG,200,12,357,-82,0,12
Andy Jones,WR,DET,200,12,358,-83,0,11.9
Mack Brown,RB,MIN,200,9,359,-83,0,9.3
Aaron Ripkowski,RB,GB,200,9,360,-83,0,9.2
Marvin Hall,WR,ATL,200,12,361,-83,0,11.5
Seth Roberts,WR,OAK,200,12,362,-83,0,11.5
Bo Scarbrough,RB,DAL,200,9,363,-83,0,8.8
Akrum Wadley,RB,TEN,200,9,364,-83,0,8.8
Justin Watson,WR,TB,200,11,365,-83,0,11.2
Antonio Callaway,WR,CLV,200,11,366,-83,0,11.2
Charcandrick West,RB,KC,200,9,367,-83,0,8.6
Jaleel Scott,WR,BLT,200,11,368,-83,0,11
Josh Malone,WR,CIN,200,11,369,-84,0,10.9
Brittan Golden,WR,ARZ,200,11,370,-84,0,10.8
Aldrick Robinson,WR,SF,200,11,371,-84,0,10.6
Cordarrelle Patterson,WR,NE,200,11,372,-84,0,10.5
Patrick DiMarco,RB,BUF,200,8,373,-84,0,7.8
Ameer Abdullah,RB,DET,200,7,374,-85,0,7.3
Ray-Ray McCloud III,WR,BUF,200,10,375,-85,0,9.7
Damien Williams,RB,KC,200,7,376,-85,0,7.1
Kenny Britt,WR,NE,200,9,377,-86,0,8.5
Mike Davis,RB,SEA,200,6,378,-86,0,6
Darrius Heyward-Bey,WR,PIT,200,8,379,-86,0,8.2
Brandon Coleman,WR,NO,200,8,380,-87,0,7.8
Josh Adams,RB,PHI,200,5,381,-87,0,4.9
Justin Davis,RB,LAR,200,5,382,-87,0,4.6
James Develin,RB,NE,200,5,383,-87,0,4.5
Dwayne Harris,WR,OAK,200,7,384,-88,0,6.9
Tyler Ervin,WR,HST,200,7,385,-88,0,6.8
Krishawn Hogan,WR,IND,200,7,386,-88,0,6.5
Equanimeous St. Brown,WR,GB,200,6,387,-88,0,6.4
Shelton Gibson,WR,PHI,200,6,388,-88,0,6.2
Stacy Coley,WR,MIN,200,6,389,-88,0,6.1
Jamize Olawale,RB,DAL,200,4,390,-88,0,3.6
Travis Rudolph,WR,NYG,200,6,391,-88,0,6
Braxton Miller,WR,HST,200,6,392,-89,0,5.8
Chad Hansen,WR,NYJ,200,6,393,-89,0,5.7
Damion Ratley,WR,CLV,200,6,394,-89,0,5.6
Rashard Higgins,WR,CLV,200,6,395,-89,0,5.6
Jordan Lasley,WR,BLT,200,6,396,-89,0,5.5
Jaydon Mickens,WR,JAX,200,5,397,-89,0,5.4
Jarius Wright,WR,CAR,200,5,398,-89,0,5.4
Zach Pascal,WR,TEN,200,5,399,-89,0,5.3
Pharoh Cooper,WR,LAR,200,5,400,-89,0,5.3
Maurice Harris,WR,WAS,200,5,401,-89,0,5.2
Tommy Bohanon,RB,JAX,200,3,402,-89,0,2.7
Cedrick Wilson,WR,DAL,200,5,403,-89,0,5.1
Jehu Chesson,WR,KC,200,5,404,-89,0,5
Zach Line,RB,NO,200,2,405,-90,0,2.4
Derek Watt,RB,LAC,200,2,406,-90,0,2.4
Quan Bray,WR,BUF,200,5,407,-90,0,4.8
C.J. Ham,RB,MIN,200,2,408,-90,0,2.3
Joshua Bellamy,WR,CHI,200,5,409,-90,0,4.5
Elijhaa Penny,RB,ARZ,200,2,410,-90,0,2
Trey Edmunds,RB,NO,200,1,411,-91,0,1.2
De'Anthony Thomas,WR,KC,200,3,412,-91,0,3.3
Jordan Taylor,WR,DEN,200,3,413,-92,0,2.8
Fitzgerald Toussaint,RB,PIT,200,0,414,-92,0,0
Josh Ferguson,RB,IND,200,0,415,-92,0,0
D.J. Foster,RB,ARZ,200,0,416,-92,0,0
Josh McCown,QB,NYJ,201,179,417,-92,0,178.9
Trevor Davis,WR,GB,200,0,418,-94,0,0
ArDarius Stewart,WR,NYJ,200,0,419,-94,0,0
Chris Thompson,WR,HST,200,0,420,-94,0,0
Isaiah McKenzie,WR,DEN,200,0,421,-94,0,0
Andre Roberts,WR,NYJ,200,0,422,-94,0,0
Brandon Tate,WR,BUF,200,0,423,-94,0,0
Kalif Raymond,WR,NYG,200,0,424,-95,0,-0.1
Alex Erickson,WR,CIN,200,0,425,-95,0,-0.1
A.J. McCarron,QB,BUF,200,138,426,-134,0,137.5
Josh Rosen,QB,ARZ,141,119,427,-153,0,118.8
Sam Bradford,QB,ARZ,163,119,428,-153,0,118.6
Josh Allen,QB,BUF,192,76,429,-195,0,76.3
Sam Darnold,QB,NYJ,149,76,430,-195,0,76.3
Baker Mayfield,QB,CLV,131,63,431,-209,0,62.8
Ryan Fitzpatrick,QB,TB,182,50,432,-221,0,50.4
Jacoby Brissett,QB,IND,200,25,433,-246,0,25.1
Lamar Jackson,QB,BLT,113,12,434,-259,0,12
Cody Kessler,QB,JAX,200,4,435,-268,0,3.6
Austin Davis,QB,SEA,200,3,436,-268,0,3.3
Nick Foles,QB,PHI,190,3,437,-268,0,3.3
Geno Smith,QB,LAC,200,3,438,-268,0,3.2
Paxton Lynch,QB,DEN,200,3,439,-268,0,3.1
EJ Manuel,QB,OAK,200,3,440,-268,0,3.1
Landry Jones,QB,PIT,200,3,441,-268,0,3.1
Luke Falk,QB,TEN,200,3,442,-268,0,3.1
Jeff Driskel,QB,CIN,200,3,443,-268,0,3.1
T.J. Yates,QB,HST,200,3,444,-268,0,3
Matt Schaub,QB,ATL,200,3,445,-268,0,3
Davis Webb,QB,NYG,200,3,446,-268,0,3
Colt McCoy,QB,WAS,200,3,447,-268,0,3
Mike White,QB,DAL,200,3,448,-268,0,3
Chase Daniel,QB,CHI,200,3,449,-269,0,2.9
Sean Mannion,QB,LAR,200,3,450,-269,0,2.9
Brett Hundley,QB,GB,200,3,451,-269,0,2.9
Matt Cassel,QB,DET,200,3,452,-269,0,2.8
Tom Savage,QB,NO,200,3,453,-269,0,2.8
Brian Hoyer,QB,NE,200,3,454,-269,0,2.7
C.J. Beathard,QB,SF,200,3,455,-269,0,2.6
Trevor Siemian,QB,MIN,200,3,456,-269,0,2.6
Matt Moore,QB,MIA,200,3,457,-269,0,2.5
Chad Henne,QB,KC,200,2,458,-269,0,2.3
Derek Anderson,QB,CAR,200,2,459,-269,0,2.1
Stephen Gostkowski,K,NE,167,157,460,27.2,0,157.2
Justin Tucker,K,BLT,162,150,461,20,0,150
Wil Lutz,K,NO,197,150,462,19.9,0,149.9
Matt Bryant,K,ATL,203,149,463,18.7,0,148.7
Chris Boswell,K,PIT,215,144,464,14.2,0,144.2
Jake Elliott,K,PHI,204,142,465,12.4,0,142.4
Greg Zuerlein,K,LAR,157,142,466,11.5,0,141.5
Adam Vinatieri,K,IND,200,139,467,8.5,0,138.5
Ryan Succop,K,TEN,211,136,468,5.8,0,135.8
Harrison Butker,K,KC,181,135,469,5.1,0,135.1
Daniel Carlson,K,MIN,200,135,470,4.7,0,134.7
Robbie Gould,K,SF,223,134,471,4.1,0,134.1
Dan Bailey,K,DAL,206,134,472,3.6,0,133.6
Matt Prater,K,DET,193,133,473,2.9,0,132.9
Jacksonville Defense,DST,JAX,99,133,474,32.8,0,132.8
Josh Lambo,K,JAX,200,133,475,2.8,0,132.8
Mason Crosby,K,GB,187,132,476,1.7,0,131.7
Caleb Sturgis,K,LAC,200,131,477,0.6,0,130.6
Graham Gano,K,CAR,214,130,478,-0.1,0,129.9
Dustin Hopkins,K,WAS,200,128,479,-1.7,0,128.3
Chandler Catanzaro,K,TB,200,128,480,-2.1,0,127.9
Sebastian Janikowski,K,SEA,220,126,481,-3.8,0,126.2
Ka'imi Fairbairn,K,HST,200,125,482,-5.2,0,124.8
New England Defense,DST,NE,196,124,483,24.3,0,124.3
Chicago Defense,DST,CHI,200,124,484,23.7,0,123.7
Philadelphia Defense,DST,PHI,120,124,485,23.7,0,123.7
Dallas Defense,DST,DAL,200,123,486,23.1,0,123.1
Zane Gonzalez,K,CLV,200,123,487,-7,0,123
Randy Bullock,K,CIN,200,122,488,-7.6,0,122.4
LA Chargers Defense,DST,LAC,116,122,489,22,0,122
Seattle Defense,DST,SEA,198,122,490,22,0,122
Giorgio Tavecchio,K,OAK,200,122,491,-8.1,0,121.9
Brandon McManus,K,DEN,200,122,492,-8.4,0,121.6
Aldrick Rosas,K,NYG,200,121,493,-8.9,0,121.1
LA Rams Defense,DST,LAR,108,121,494,21,0,121
Cody Parkey,K,CHI,200,121,495,-9,0,121
Minnesota Defense,DST,MIN,112,120,496,20.3,0,120.3
Tennessee Defense,DST,TEN,210,120,497,19.7,0,119.7
New Orleans Defense,DST,NO,147,118,498,17.7,0,117.7
Phil Dawson,K,ARZ,200,116,499,-13.9,0,116.1
Cairo Santos,K,NYJ,200,116,500,-14.3,0,115.7
Stephen Hauschka,K,BUF,200,115,501,-15.4,0,114.6
Baltimore Defense,DST,BLT,136,114,502,14.2,0,114.2
Arizona Defense,DST,ARZ,170,113,503,12.8,0,112.8
Oakland Defense,DST,OAK,200,113,504,12.6,0,112.6
Jason Sanders,K,MIA,200,112,505,-17.8,0,112.2
Carolina Defense,DST,CAR,175,111,506,10.9,0,110.9
Atlanta Defense,DST,ATL,200,106,507,6.3,0,106.3
San Francisco Defense,DST,SF,200,103,508,3,0,103
Tampa Bay Defense,DST,TB,200,102,509,1.5,0,101.5
Washington Defense,DST,WAS,200,101,510,1.2,0,101.2
Pittsburgh Defense,DST,PIT,177,101,511,0.9,0,100.9
Cincinnati Defense,DST,CIN,200,98,512,-1.9,0,98.1
Houston Defense,DST,HST,133,98,513,-2.5,0,97.5
Detroit Defense,DST,DET,200,97,514,-2.9,0,97.1
Kansas City Defense,DST,KC,208,97,515,-2.9,0,97.1
Miami Defense,DST,MIA,200,96,516,-3.6,0,96.4
Indianapolis Defense,DST,IND,200,96,517,-4.5,0,95.5
Green Bay Defense,DST,GB,219,94,518,-5.8,0,94.2
Cleveland Defense,DST,CLV,224,94,519,-6,0,94
Denver Defense,DST,DEN,126,91,520,-8.9,0,91.1
Buffalo Defense,DST,BUF,184,89,521,-10.6,0,89.4
NY Jets Defense,DST,NYJ,200,86,522,-14.4,0,85.6
NY Giants Defense,DST,NYG,200,84,523,-15.8,0,84.2
